{"acc": [0.60359375000000004, 0.65453125000000001], "loss": [0.66371246784925464, 0.62663206309080122], "val_acc": [0.59773437500000004, 0.61351562500000001], "val_loss": [0.66105247378349308, 0.64106151968240743]}