{"acc": [0.63523437500000002, 0.67140624999999998], "loss": [0.64169124603271488, 0.60707733616232873], "val_acc": [0.62085937499999999, 0.62484375000000003], "val_loss": [0.66034162133932117, 0.65969352528452874]}