{"acc": [0.59804687499999998, 0.63851562500000003], "loss": [0.66802693396806712, 0.63485747605562215], "val_acc": [0.60117187500000002, 0.60828125], "val_loss": [0.6598125204443932, 0.65204338967800135]}