{"acc": [0.63765625000000004, 0.66546875000000005], "loss": [0.64147690087556841, 0.61572926938533779], "val_acc": [0.61304687499999999, 0.62703125000000004], "val_loss": [0.65801757425069807, 0.65010601788759237]}