{"acc": [0.62906249999999997, 0.64742187500000004], "loss": [0.64852004349231718, 0.62731357097625728], "val_acc": [0.61921875000000004, 0.61921875000000004], "val_loss": [0.66207615971565248, 0.64813582479953769]}