{"acc": [0.61140625000000004, 0.65203124999999995], "loss": [0.66170101910829549, 0.62334799706935884], "val_acc": [0.596796875, 0.619140625], "val_loss": [0.65780798256397244, 0.63297059744596484]}